<?xml version="1.0" encoding="UTF-8"?>
<diff>
  <!-- Replace trader music with custom tracks -->
  <replace sel="/soundlibrary/sound[@id='corner_arg_standard_inventorytrader_music']/sample">
    <sample selection="random">
      <select start="extensions\trader_music_replacment\sfx\market_block_music_01.ogg"/>
      <select start="extensions\trader_music_replacment\sfx\market_block_music_02.ogg"/>
      <select start="extensions\trader_music_replacment\sfx\market_block_music_03.ogg"/>
      <select start="extensions\trader_music_replacment\sfx\market_block_music_04.ogg"/>
    </sample>
  </replace>
  
  <replace sel="/soundlibrary/sound[@id='corner_arg_standard_shipequipment_music']/sample">
    <sample selection="random">
      <select start="extensions\trader_music_replacment\sfx\market_block_music_01.ogg"/>
      <select start="extensions\trader_music_replacment\sfx\market_block_music_03.ogg"/>
    </sample>
  </replace>
</diff>
